{
  "name": "bootstrap-progressbar",
  "version": "0.9.0",
  "license": "MIT",
  "authors": [
    {
      "name": "Stephan Groß",
      "homepage": "https://www.minddust.com"
    }
  ],
  "homepage": "https://www.minddust.com/project/bootstrap-progressbar/",
  "repository": {
    "type": "git",
    "url": "https://github.com/minddust/bootstrap-progressbar.git"
  },
  "main": "./bootstrap-progressbar.js",
  "ignore": [
    "**/.*",
    "Gulpfile.js",
    "Rakefile",
    "bower_components",
    "node_modules",
    "resources",
    "tasks"
  ],
  "dependencies": {
    "jquery": ">= 1.9.1"
  },
  "_release": "0.9.0",
  "_resolution": {
    "type": "version",
    "tag": "v0.9.0",
    "commit": "e7ac2690384024feb89bd5122fea14dc4d819567"
  },
  "_source": "https://github.com/minddust/bootstrap-progressbar.git",
  "_target": "^0.9.0",
  "_originalSource": "bootstrap-progressbar"
}