{
    "name": "sparkline",
    "title": "jQuery Sparkline",
    "description": "Easily generate small, inline sparkline charts directly in the browser",
    "keywords": [
        "canvas",
        "charts",
        "graphics",
        "graphing",
        "graphs",
        "sparklines",
        "ui",
        "vml"
    ],
    "version": "2.1.2",
    "author": {
        "name": "Gareth Watts",
        "url": "https://gwatts.com/"
    },
    "licenses": [
        {
            "type": "BSD-3-Clause",
            "url": "https://opensource.org/licenses/BSD-3-Clause"
        }
    ],
    "bugs": "https://github.com/gwatts/jquery.sparkline/issues",
    "homepage": "https://omnipotent.net/jquery.sparkline/",
    "demo": "https://omnipotent.net/jquery.sparkline/",
    "docs": "https://omnipotent.net/jquery.sparkline/#s-docs",
    "download": "https://omnipotent.net/jquery.sparkline/#s-download",
    "dependencies": {
        "jquery": ">=1.4.3"
    }
}
