{
  "name": "switchery",
  "main": [
    "dist/switchery.js",
    "dist/switchery.css"
  ],
  "version": "0.8.1",
  "homepage": "https://abpetkov.github.io/switchery/",
  "author": [
    "Alexander Petkov <abpetkov@gmail.com> (https://github.com/abpetkov)"
  ],
  "description": "Component to create iOS 7 styled switches from default input checkboxes",
  "keywords": [
    "checkbox",
    "input",
    "switch",
    "iOS7"
  ],
  "license": "MIT",
  "ignore": [
    "build",
    "components",
    "node_modules",
    "bower_components",
    "component.json",
    "Makefile",
    "README.md",
    ".*"
  ],
  "dependencies": {
    "transitionize": "*",
    "fastclick": "v0.6.11"
  },
  "devDependencies": {},
  "_release": "0.8.1",
  "_resolution": {
    "type": "version",
    "tag": "0.8.1",
    "commit": "64d237840e26808e7232516941bb429e30ffc6d6"
  },
  "_source": "https://github.com/abpetkov/switchery.git",
  "_target": "^0.8.1",
  "_originalSource": "switchery"
}