{
	"name": "flot",
	"version": "0.8.3",
	"title": "Flot",
	"author": {
		"name": "Ole Laursen",
		"url": "https://github.com/OleLaursen"
	},
	"licenses": [{
		"type": "MIT",
		"url": "https://github.com/flot/flot/blob/master/LICENSE.txt"
	}],
	"dependencies": {
		"jquery": ">=1.2.6"
	},
	"description": "Flot is a pure JavaScript plotting library for jQuery, with a focus on simple usage, attractive looks and interactive features.",
	"keywords": ["plot", "chart", "graph", "visualization", "canvas", "graphics"],
	"homepage": "https://www.flotcharts.org",
	"docs": "https://github.com/flot/flot/blob/master/API.md",
	"demo": "https://www.flotcharts.org/flot/examples/",
	"bugs": "https://github.com/flot/flot/issues",
	"maintainers": [{
		"name": "David Schnur",
		"email": "dnschnur@gmail.com",
		"url": "https://github.com/dnschnur"
	}]
}
